district,region,SHP_lat,SHP_lon,SHP_Area,cluster,p_totale,threshold_75
Abo,Littoral,9.700482518,4.3302745738,883.118847,1,30621,10.401224350787533
Bafang,Ouest,10.181435632222223,5.127293892555556,493.518319751,1,81972,9.398568839706531
Vele,Extreme Nord,15.107174156,10.534859442,1182.15955,1,162674,11.594024233617898
Garoua Boulai,Est,14.432825382499999,5.6984058730000005,3869.8642961,1,122331,13.590415723565602
Moulvoudaye,Extreme Nord,14.76131984375,10.39563336125,1480.8816621199999,1,159827,11.594024233617898
Okola,Centre,11.310809731818182,3.9841346510909093,966.2580395,1,59537,14.28461505684248
Betare Oya,Est,14.0704982,5.39833200025,8893.0789611,2,141401,13.590415723565602
Bertoua,Est,13.729554250000001,4.5932472577,2670.3184020549998,2,283330,13.590415723565602
Bamenda 3,Nord Ouest,10.191540908,5.9704309572,75.637166369,1,176067,7.291441904510819
Odza,Centre,11.532158515,3.81410820725,45.649629368999996,4,194442,14.28461505684248
Maroua 2,Extreme Nord,14.33912229142857,10.696973808571428,369.414226148,2,215236,11.594024233617898
Kumbo West,Nord Ouest,10.670306307272726,6.253867490181818,371.48990006500003,1,107434,7.291441904510819
Bibemi,Nord,13.894724769166666,9.36102854925,2434.84126555,5,170567,11.524344153319369
Fundong,Nord Ouest,10.313182866666667,6.24465065875,1118.29257313,5,129318,7.291441904510819
Ayos,Centre,12.614171397272726,4.135501002363636,2446.90915606,1,44153,14.28461505684248
Moutourwa,Extreme Nord,14.17419113,10.272945486000001,716.39378878,5,58841,11.594024233617898
Wabane,Sud Ouest,9.981307569333334,5.676254462333333,420.72775013,1,47716,8.289739775709057
Oku,Nord Ouest,10.521015744545453,6.2627944917272735,475.10844491,1,62366,7.291441904510819
Maroua 3,Extreme Nord,14.465047506,10.60100129,595.52862592,1,188572,11.594024233617898
Gaschiga,Nord,13.354216937999999,9.6454677317,3157.7392375,5,156331,11.524344153319369
Moloundou,Est,15.357157337999999,2.4064420814000003,14113.4203815,1,51043,13.590415723565602
Massangam,Ouest,10.934560085000001,5.35229999525,1875.74176695,1,52541,9.398568839706531
Penka Michel,Ouest,10.228415856923077,5.442049508,299.32568562,1,86998,9.398568839706531
Belabo,Est,13.41724786625,4.98382802675,11340.9370108,1,82822,13.590415723565602
Bafia,Centre,11.184904812105264,4.682404314210526,3498.095225751,1,175129,14.28461505684248
Kumbo East,Nord Ouest,10.73130418590909,6.140725492727273,1508.10083701,1,118315,7.291441904510819
Tubah,Nord Ouest,10.274793853636364,6.022708570181819,285.920604176,1,61076,7.291441904510819
Monatele,Centre,11.25877309625,4.23302044175,376.87056992,1,52622,14.28461505684248
Kumba-South,Sud Ouest,9.454745453857143,4.597368103142857,689.83893235,5,264606,8.289739775709057
Olamze,Sud,11.070424679999999,2.2196077755,644.5573093,1,16231,8.773897927892786
Benakuma,Nord Ouest,9.90183577825,6.394194351875,1557.51018856,1,52557,7.291441904510819
Garoua I,Nord,13.334112393333333,9.303494021833332,228.435822885,2,305348,11.524344153319369
Mora,Extreme Nord,14.24403038625,11.100716218125,4624.407091216,5,319068,11.594024233617898
Garoua II,Nord,13.420855456666667,9.339778576833334,103.623488662,4,332999,11.524344153319369
Mokolo,Extreme Nord,13.83745854,10.721611581000001,1347.2787794,5,305033,11.594024233617898
Mozogo,Extreme Nord,13.87560888875,10.99731643,379.88715702,1,90627,11.594024233617898
Biyem Assi,Centre,11.483856872727273,3.849105005545454,21.164360519,2,410370,14.28461505684248
Fontem,Sud Ouest,9.869305749857144,5.475116218285714,443.73982198,1,122621,8.289739775709057
Mvog-Ada,Centre,11.55139946,3.8911594358,46.472369972,4,482419,14.28461505684248
Nkongsamba,Littoral,9.9184195664,4.9391003305,503.651005977,1,121295,10.401224350787533
Ambam,Sud,10.997773322352941,2.410270911647059,6792.65303097,1,121687,8.773897927892786
Yabassi,Littoral,10.021769036428571,4.400414300571429,3870.6944441,1,24246,10.401224350787533
Bourha,Extreme Nord,13.56441426,10.253129745555556,765.27905826,5,87369,11.594024233617898
Limbe,Sud Ouest,9.1806247355,4.05633082675,500.70949703,1,211187,8.289739775709057
Figuil,Nord,14.051109344285715,9.887469362714285,509.63129956999995,5,105858,11.524344153319369
Nkondjock,Littoral,10.280245965714286,4.897483818428571,1682.63307451,1,26745,10.401224350787533
Buea,Sud Ouest,9.241288177571429,4.164744718,473.77656109000003,1,184602,8.289739775709057
Eyumodjock,Sud Ouest,9.0691432324,5.6638653662,2626.7279016,1,44293,8.289739775709057
Manjo,Littoral,9.7979300225,4.873231609,312.39877904,1,41545,10.401224350787533
Logbaba,Littoral,9.747520270699999,4.034875621199999,12.696642965,5,272564,10.401224350787533
Ndelele,Est,14.836922998571428,4.134244509285714,3121.8513371,2,101689,13.590415723565602
Nanga Eboko,Centre,12.711944665714286,4.792989133071429,8649.78924499,1,68444,14.28461505684248
Obala,Centre,11.51592651,4.158687025916667,629.53690244,1,145228,14.28461505684248
Manoka,Littoral,9.522823884000001,3.885321791,112.23379297,1,12918,10.401224350787533
Ntui,Centre,11.532995994545454,4.671541737090909,4245.87649836,1,139186,14.28461505684248
Foumbot,Ouest,10.639608404545454,5.483152441909091,744.746145536,5,136760,9.398568839706531
Mundemba,Sud Ouest,8.985967828333335,5.009102872333333,2721.7710341,1,20885,8.289739775709057
Nylon,Littoral,9.743325061375,4.019902469125,13.021450946,5,450648,10.401224350787533
Bogo,Extreme Nord,14.616593865714284,10.743579760000001,943.05109999,5,127116,11.594024233617898
Maroua 1,Extreme Nord,14.278891759090909,10.564738451818181,361.842455003,5,208279,11.594024233617898
Lagdo,Nord,13.618382200833333,8.900754456583334,2420.4180707200003,5,231598,11.524344153319369
Bonassama,Littoral,9.66465598290909,4.084986992181818,119.425451881,2,553427,10.401224350787533
Foumban,Ouest,10.8679079085,5.7053884223499995,1468.806711531,1,257429,9.398568839706531
Awae,Centre,11.851500474,3.9143637343999997,824.57151924,1,29362,14.28461505684248
Wum,Nord Ouest,10.146343253785714,6.540727073357142,2043.3467219899999,1,112519,7.291441904510819
Nwa,Nord Ouest,11.07002322857143,6.444627166285714,1031.96939257,1,60210,7.291441904510819
Boko,Littoral,9.751193006857141,3.9910615544285717,52.796617723000004,2,364152,10.401224350787533
Fotokol,Extreme Nord,14.26998094,12.473067345,427.9561397,2,72459,11.594024233617898
Mvangan,Sud,11.770263453333333,2.621801039833333,2928.3603918999997,1,36752,8.773897927892786
Muyuka,Sud Ouest,9.3607865818,4.3005372136,517.93113845,1,120735,8.289739775709057
Batouri,Est,14.27584452277778,4.394670748166666,5119.18235074,1,121199,13.590415723565602
Pette,Extreme Nord,14.521982864285714,10.933481608571428,1024.94735063,5,66207,11.594024233617898
Kumba-North,Sud Ouest,9.339089297666666,4.734294638333334,628.63453802,1,134640,8.289739775709057
Kouoptamo,Ouest,10.595779768571429,5.656543495571428,439.06346739,1,71068,9.398568839706531
Kar Hay,Extreme Nord,14.988434235,10.06072573,651.0106960100001,1,143802,11.594024233617898
Meiganga,Adamaoua,14.139184115454544,6.454016898181819,5777.86154014,5,174374,12.81893165961839
Santa,Nord Ouest,10.151341627272727,5.817760410272727,621.775339965,1,73944,7.291441904510819
Bangangte,Ouest,10.53276434882353,5.1076135325882355,1610.30879019,1,120415,9.398568839706531
Kaele,Extreme Nord,14.451331910714286,10.13190270857143,1024.12040847,5,124390,11.594024233617898
Mbanga,Littoral,9.558282297125,4.4575546655,630.082975047,1,83624,10.401224350787533
Melong,Littoral,9.9514226924,5.089364431,1025.28147958,1,112385,10.401224350787533
Tiko,Sud Ouest,9.3873638765,4.087420432,538.25042848,1,161064,8.289739775709057
Sangmelima,Sud,12.009961913636364,2.8987502353636363,4538.2490203199995,1,113084,8.773897927892786
Bangem,Sud Ouest,9.750331410166668,5.070680733833334,292.77505907,1,26530,8.289739775709057
Mbang,Est,14.186363876666666,4.0415055083333336,4730.7194953,1,34318,13.590415723565602
Kousseri,Extreme Nord,14.944963421666666,11.8520050475,3169.876749258,5,417157,11.594024233617898
Japoma,Littoral,9.80502839225,4.0096967445,75.601011145,1,182090,10.401224350787533
Bali,Nord Ouest,10.015651938142856,5.889961922714286,183.926138627,1,28601,7.291441904510819
Meri,Extreme Nord,14.17555582111111,10.715852752222222,544.72061212,1,180197,11.594024233617898
Bandjoun,Ouest,10.445756343846153,5.355192871769232,357.076759896,1,98277,9.398568839706531
Mbouda,Ouest,10.250618945000001,5.642152479083333,485.355716756,1,194931,9.398568839706531
Tibati,Adamaoua,12.570999024444443,6.540403048111111,8186.48041737,5,113607,12.81893165961839
Kolofata,Extreme Nord,14.03312815857143,11.129659415714286,783.24142078,1,127437,11.594024233617898
Mbengwi,Nord Ouest,9.906055608888888,5.999979863166667,638.1533220919999,1,45865,7.291441904510819
Tchollire,Nord,14.287745936666665,8.266721552888889,15699.5040497,5,219665,11.524344153319369
Bamendjou,Ouest,10.321159115555554,5.382091191222222,121.514939478,1,42952,9.398568839706531
Mbankomo,Centre,11.352953754,3.7606198776,421.88193134,1,33575,14.28461505684248
Santchou,Ouest,9.969310358600001,5.3079331102,273.89983261,1,38511,9.398568839706531
Konye,Sud Ouest,9.4434609425,4.93052266525,1110.82676237,1,138510,8.289739775709057
Mbonge,Sud Ouest,9.15243879,4.4764362858,1401.9623919,1,96078,8.289739775709057
Soa,Centre,11.605837225,3.9929578059999997,284.68062941,1,48592,14.28461505684248
Bandja,Ouest,10.221981291428571,5.269335262428571,250.140756554,1,28606,9.398568839706531
Kekem,Ouest,10.070421565,5.160420616875,268.135446192,1,48601,9.398568839706531
Bamenda,Nord Ouest,10.128035672307693,5.968266637230769,200.049976096,1,268172,7.291441904510819
Tignere,Adamaoua,12.447694404166667,7.4521375721666665,10718.5964469,1,126770,12.81893165961839
Kette,Est,14.542174966666668,4.854290065222222,2423.3122164,5,79630,13.590415723565602
Sa'a,Centre,11.489429599000001,4.3413881967000005,504.27794203999997,1,75748,14.28461505684248
Bangourain,Ouest,10.699870658333333,5.8360832113333325,715.5689017999999,1,52737,9.398568839706531
Hina,Extreme Nord,13.83808402,10.402920953,1185.38851832,5,142412,11.594024233617898
Mbalmayo,Centre,11.42958428263158,3.3588054237894736,2845.32457232,1,130398,14.28461505684248
Kribi,Sud,10.130058297,2.93479123,7833.437905389999,1,177321,8.773897927892786
Poli,Nord,12.84416146909091,8.451149278,13171.5025515,5,121074,11.524344153319369
Batcham,Ouest,10.206918443333334,5.5686985245,203.934399251,1,91718,9.398568839706531
Goulfey,Extreme Nord,14.762504524285715,12.370854055714286,1587.5541723000001,5,125217,11.594024233617898
Mindif,Extreme Nord,14.402167121,10.401728798,985.6172154999999,1,62003,11.594024233617898
Mifi,Ouest,10.41869052,5.500937094599999,417.842761246,1,446158,9.398568839706531
Pitoa,Nord,13.653406151999999,9.4418707586,1238.10663499,5,167298,11.524344153319369
Golombe,Nord,13.805370208333335,9.706779336833334,768.2900657499999,5,70547,11.524344153319369
Bafut,Nord Ouest,10.105273912285714,6.110754791928572,489.557812895,1,43058,7.291441904510819
Touboro,Nord,15.06356242909091,7.629797332181818,12553.2540027,5,324700,11.524344153319369
Mogode,Extreme Nord,13.647385270000001,10.571202025,757.83157191,5,134061,11.594024233617898
Gazawa,Extreme Nord,14.076743072857143,10.424105777142858,698.52990858,5,80398,11.594024233617898
Mayo Oulo,Nord,13.585195041111112,9.992889473666667,1170.68317339,5,152493,11.524344153319369
Batibo,Nord Ouest,9.821386214222223,5.852641706833333,821.55472177,1,74143,7.291441904510819
Guere,Extreme Nord,15.407161951428572,10.046422434857144,943.95631073,5,145869,11.594024233617898
Tombel,Sud Ouest,9.646586783285715,4.815937368428571,815.74551607,1,84015,8.289739775709057
Baham,Ouest,10.355055075555555,5.283302590777778,286.51637796,1,46762,9.398568839706531
Messamena,Est,12.889050128333333,3.5899253906666666,8618.871156199999,1,32231,13.590415723565602
Roua,Extreme Nord,13.9541920725,10.75839489375,396.66216773,1,104978,11.594024233617898
Bakassi,Sud Ouest,8.6656353645,4.6605777985,1293.1298537,1,36658,8.289739775709057
Tokombere,Extreme Nord,14.163726570833333,10.888147634166666,639.76925667,5,157777,11.594024233617898
Bangue,Littoral,9.769515059571429,4.107996986142857,172.376522352,2,384923,10.401224350787533
Guidiguis,Extreme Nord,14.761990661999999,10.100732688933334,1051.67516313,5,191134,11.594024233617898
Meyomessala,Sud,12.295047855833333,3.228785943583333,4596.0438398,1,71073,8.773897927892786
Mbandjock,Centre,12.095615426363635,4.353306302454545,2685.17331305,1,63470,14.28461505684248
Koza,Extreme Nord,13.892911254444444,10.871455603333334,277.67138213,1,92525,11.594024233617898
Rey Bouba,Nord,14.237942329166666,8.9199534535,8101.1498067,5,196345,11.524344153319369
Bankim,Adamaoua,11.428695608571429,6.259636929857143,2476.082351,5,121756,12.81893165961839
Guider,Nord,13.88884093076923,10.013048065846153,1500.85659054,5,250562,11.524344153319369
Mfou,Centre,11.698905166666668,3.7149554890833336,1530.17274747,1,110442,14.28461505684248
Pouma,Littoral,10.568149314,3.9125738288000003,703.00571332,1,20571,10.401224350787533
Banyo,Adamaoua,11.840752622857142,6.738259973571429,3980.7321846,2,167923,12.81893165961839
Nkolndongo,Centre,11.543043134,3.8586890695999996,13.591833765999999,2,289881,14.28461505684248
Cite Des Palmiers,Littoral,9.781782649222222,4.057924828222222,51.495370118000004,2,338852,10.401224350787533
Galim,Ouest,10.380741444444446,5.714306149666666,486.34048784000004,1,67351,9.398568839706531
Ndu,Nord Ouest,10.839243296666666,6.407733724111111,582.40463514,1,69440,7.291441904510819
Malantouen,Ouest,11.140164715000001,5.811233260888889,2345.19138925,1,151572,9.398568839706531
Ebebda,Centre,11.3410864675,4.37363421175,316.89439763,1,23230,14.28461505684248
Ngaoundere Urbain,Adamaoua,13.59857424,7.3151581395,741.42288224,4,378641,12.81893165961839
Elig Mfomo,Centre,11.304570353333332,4.172138252666667,129.65801985,1,17619,14.28461505684248
Maga,Extreme Nord,14.962199649999999,10.969373403999999,1535.1780626999998,2,208725,11.594024233617898
Deido,Littoral,9.714252704416667,4.0557069019166665,33.057331547,1,623766,10.401224350787533
Njombe Penja,Littoral,9.687344628,4.6063348706,212.79493315,1,58955,10.401224350787533
Mada,Extreme Nord,14.392526454,12.804144705999999,2350.79750466,5,173438,11.594024233617898
Lomie,Est,14.0169389275,3.02154094675,14719.195347,1,47695,13.590415723565602
Ndop,Nord Ouest,10.471485689333333,5.9403437096000005,922.03865916,1,190827,7.291441904510819
Akonolinga,Centre,12.196931192500001,3.6598460855833337,3757.80949525,1,90565,14.28461505684248
Eseka,Centre,10.822331151818181,3.612625484181818,4244.2241473,1,87046,14.28461505684248
Ngong,Nord,13.348567120833332,9.08830303675,3755.94800444,2,288416,11.524344153319369
Dang,Adamaoua,13.40788082,7.29768701211111,10720.2153236,1,90593,12.81893165961839
Nkambe,Nord Ouest,10.674637637142856,6.571662613071429,2804.45334055,1,125063,7.291441904510819
Doume,Est,13.373398218333334,4.261561278499999,3858.64206923,1,53286,13.590415723565602
Lolodorf,Sud,10.701312234444444,3.252508283,3485.4396874999998,1,43446,8.773897927892786
Mamfe,Sud Ouest,9.469960133,5.7452987824,3742.2895137,1,87263,8.289739775709057
Yokadouma,Est,15.028575946666669,3.4252201133333333,16440.7947941,1,123613,13.590415723565602
Ndom,Littoral,10.87894713090909,4.324887164727273,1407.0775544,1,27567,10.401224350787533
Njikwa,Nord Ouest,9.8058102625,6.100005225166666,510.85852226,1,22576,7.291441904510819
Ekondo Titi,Sud Ouest,9.058958976888889,4.636044137333333,1252.92865695,1,59833,8.289739775709057
Abong Mbang,Est,13.161662615000001,3.900676611625,7929.992133099999,1,85692,13.590415723565602
Ngaoundal,Adamaoua,13.189277633333333,6.429558323666666,5674.6125129,1,96482,12.81893165961839
Zoetele,Sud,11.882759471111111,3.280501308888889,1077.43193467,1,47618,8.773897927892786
Djoum,Sud,12.74628625125,2.571941609875,11137.26726148,1,43142,8.773897927892786
Nguelemendouka,Est,12.9294946075,4.31250172625,1396.0970647,1,32210,13.590415723565602
Ngaoundere Rural,Adamaoua,13.786648278000001,7.3292345528,11466.9124672,5,169278,12.81893165961839
Loum,Littoral,9.7563359234,4.71409682,373.327016108,1,71727,10.401224350787533
Makary,Extreme Nord,14.479640362857142,12.497082812857142,1162.8222131,5,140183,11.594024233617898
Dibombari,Littoral,9.59957737125,4.1639846025,304.88094857,1,42882,10.401224350787533
Edea,Littoral,10.106315014090908,3.775545277363636,5513.399073025,1,182623,10.401224350787533
Efoulan,Centre,11.493646876666666,3.8194803177777774,116.425482853,2,466577,14.28461505684248
Ngoumou,Centre,11.358646642857142,3.568522174428572,856.27346966,1,46897,14.28461505684248
Djoungolo,Centre,11.519828962857144,3.904795533,54.991076618,2,527555,14.28461505684248
Djohong,Adamaoua,14.84222645,6.78973503925,3065.5268075,2,83571,12.81893165961839
Nguti,Sud Ouest,9.439731878749999,5.2919650415,3273.62981,1,39918,8.289739775709057
Yoko,Centre,11.930227478571428,5.436435434714285,20828.367826,1,45527,14.28461505684248
Ako,Nord Ouest,10.695746284285715,6.794038749142857,1238.61530592,1,65291,7.291441904510819
New Bell,Littoral,9.7118512653,4.028997476900001,15.090873927,1,315647,10.401224350787533
Ngambe,Littoral,10.580364098333334,4.228771367333334,1529.6359783,1,14662,10.401224350787533
Esse,Centre,11.88715363,4.122497097571428,1621.637494,1,27860,14.28461505684248
Ebolowa,Sud,11.262066240526314,2.9340503705789476,6000.52192517,1,238842,8.773897927892786
Ndikinimeki,Centre,10.816328368333332,4.779454936666667,2989.7814799999996,1,48306,14.28461505684248
Cite Verte,Centre,11.497926918888888,3.882047461555556,19.128864907999997,2,458714,14.28461505684248
Akwaya,Sud Ouest,9.550173408333334,6.280527584666667,1722.8461963,1,55092,8.289739775709057
Dschang,Ouest,10.055722361227273,5.454238314636363,731.483440222,1,240537,9.398568839706531
Yagoua,Extreme Nord,15.160129557272727,10.23966535090909,1325.87747706,5,264502,11.594024233617898
Nkolbisson,Centre,11.456033654285715,3.8780375952857145,45.56455243,2,187016,14.28461505684248
Ngog Mapubi,Centre,10.936578935714286,3.9675079055714284,2158.70185552,1,57701,14.28461505684248
Evodoula,Centre,11.1789561975,4.138138643,113.489115,1,21819,14.28461505684248
