Location,Region,Date,Temperature_C,Humidity_%,Pressure_hPa,Precipitation_mm
Yaounde,Centre,2026-02-01,25.0,71.17,934.45,0.0
Yaounde,Centre,2026-02-02,25.55,72.0,933.79,0.1
Yaounde,Centre,2026-02-03,24.23,80.88,933.79,0.7
Yaounde,Centre,2026-02-04,21.7,86.04,933.76,21.6
Yaounde,Centre,2026-02-05,22.8,75.75,933.47,0.0
Yaounde,Centre,2026-02-06,23.77,77.62,935.56,0.6
Yaounde,Centre,2026-02-07,24.03,77.67,935.85,0.0
Yaounde,Centre,2026-02-08,23.87,80.29,934.71,0.4
Yaounde,Centre,2026-02-09,24.2,79.54,934.22,0.6
Yaounde,Centre,2026-02-10,23.21,84.12,934.4,3.1
Yaounde,Centre,2026-02-11,21.9,88.71,935.66,0.5
Yaounde,Centre,2026-02-12,23.0,77.5,935.75,0.0
Yaounde,Centre,2026-02-13,23.65,76.42,934.48,0.0
Yaounde,Centre,2026-02-14,23.72,81.71,933.48,0.5
Yaounde,Centre,2026-02-15,23.51,84.83,934.03,9.6
Yaounde,Centre,2026-02-16,23.49,85.54,934.59,0.8
Yaounde,Centre,2026-02-17,23.12,85.42,933.99,3.3
Yaounde,Centre,2026-02-18,23.98,81.29,933.5,0.5
Yaounde,Centre,2026-02-19,24.18,78.54,933.18,0.0
Yaounde,Centre,2026-02-20,24.51,80.62,934.08,0.2
Yaounde,Centre,2026-02-21,24.33,83.25,934.02,2.6
Yaounde,Centre,2026-02-22,24.43,77.75,933.25,0.0
Yaounde,Centre,2026-02-23,24.52,75.25,932.15,0.0
Yaounde,Centre,2026-02-24,23.98,77.96,932.18,0.0
Yaounde,Centre,2026-02-25,23.89,80.5,932.67,0.4
Yaounde,Centre,2026-02-26,21.74,89.96,933.55,6.2
Yaounde,Centre,2026-02-27,23.27,73.42,932.96,0.0
Yaounde,Centre,2026-02-28,23.59,75.25,931.9,0.0
Yaounde,Centre,2026-03-01,24.08,76.46,932.0,0.2
Yaounde,Centre,2026-03-02,24.22,79.92,932.37,0.2
Yaounde,Centre,2026-03-03,24.31,81.08,933.22,1.6
Yaounde,Centre,2026-03-04,24.1,79.46,934.19,1.2
Yaounde,Centre,2026-03-05,24.66,75.25,933.89,0.0
Yaounde,Centre,2026-03-06,25.22,74.71,932.59,0.0
Yaounde,Centre,2026-03-07,25.78,75.67,931.91,0.3
Yaounde,Centre,2026-03-08,24.36,84.12,931.91,2.6
Yaounde,Centre,2026-03-09,23.82,80.33,932.39,0.0
Yaounde,Centre,2026-03-10,23.96,78.75,932.95,0.0
Yaounde,Centre,2026-03-11,24.55,77.71,933.44,0.0
Yaounde,Centre,2026-03-12,24.58,79.62,932.98,0.1
Yaounde,Centre,2026-03-13,23.81,85.08,932.12,0.8
Yaounde,Centre,2026-03-14,22.78,89.67,931.89,9.9
Yaounde,Centre,2026-03-15,24.1,83.17,932.18,1.2
Yaounde,Centre,2026-03-16,23.82,84.71,933.38,3.3
Yaounde,Centre,2026-03-17,21.83,89.42,933.87,2.1
Yaounde,Centre,2026-03-18,22.7,84.54,933.02,2.2
Yaounde,Centre,2026-03-19,23.73,82.92,932.87,0.1
Yaounde,Centre,2026-03-20,24.77,79.71,931.97,0.0
Yaounde,Centre,2026-03-21,24.85,82.38,931.21,0.3
Yaounde,Centre,2026-03-22,24.56,82.17,931.31,1.2
Yaounde,Centre,2026-03-23,23.85,83.83,932.28,1.4
Yaounde,Centre,2026-03-24,23.45,82.54,933.12,0.7
Yaounde,Centre,2026-03-25,24.07,79.21,932.86,0.0
Yaounde,Centre,2026-03-26,23.66,81.08,933.18,1.6
Yaounde,Centre,2026-03-27,24.35,82.62,932.22,1.1
Yaounde,Centre,2026-03-28,22.98,86.92,932.66,9.4
Yaounde,Centre,2026-03-29,23.57,77.79,932.15,0.0
Yaounde,Centre,2026-03-30,22.11,91.29,932.41,24.4
Yaounde,Centre,2026-03-31,23.19,85.54,932.3,0.8
Yaounde,Centre,2026-04-01,23.52,86.46,932.4,19.7
Yaounde,Centre,2026-04-02,22.81,87.96,933.69,7.3
Yaounde,Centre,2026-04-03,21.78,92.88,935.15,9.1
Yaounde,Centre,2026-04-04,22.78,84.08,935.35,0.2
Yaounde,Centre,2026-04-05,24.56,74.58,934.06,0.0
Yaounde,Centre,2026-04-06,23.94,83.33,934.61,3.3
Yaounde,Centre,2026-04-07,24.54,79.58,934.24,4.7
Yaounde,Centre,2026-04-08,23.68,84.25,933.75,9.5
Yaounde,Centre,2026-04-09,22.7,87.54,934.07,14.7
Yaounde,Centre,2026-04-10,24.33,79.71,934.08,1.1
Yaounde,Centre,2026-04-11,23.6,85.5,933.8,10.6
Yaounde,Centre,2026-04-12,23.86,85.62,932.8,7.7
Yaounde,Centre,2026-04-13,23.71,84.75,931.97,5.5
Yaounde,Centre,2026-04-14,24.35,81.58,932.1,0.3
Yaounde,Centre,2026-04-15,23.66,84.62,932.78,1.9
Yaounde,Centre,2026-04-16,24.52,80.42,931.86,0.2
Yaounde,Centre,2026-04-17,24.88,83.42,930.92,0.5
Yaounde,Centre,2026-04-18,24.51,84.08,930.88,4.3
Yaounde,Centre,2026-04-19,23.67,87.96,931.19,17.9
Yaounde,Centre,2026-04-20,24.66,81.21,930.42,14.8
Yaounde,Centre,2026-04-21,23.11,86.46,931.2,10.3
Yaounde,Centre,2026-04-22,23.62,89.33,931.45,22.7
Yaounde,Centre,2026-04-23,22.64,93.21,932.12,5.2
Yaounde,Centre,2026-04-24,22.7,89.67,932.32,8.6
Yaounde,Centre,2026-04-25,22.98,87.62,933.15,9.8
Yaounde,Centre,2026-04-26,22.84,86.0,934.71,10.0
Yaounde,Centre,2026-04-27,23.98,79.71,933.87,0.0
Yaounde,Centre,2026-04-28,22.91,89.75,933.45,0.6
Yaounde,Centre,2026-04-29,22.68,86.0,933.56,0.3
Yaounde,Centre,2026-04-30,23.39,87.54,934.75,9.5
Yaounde,Centre,2026-05-01,24.31,83.62,933.62,0.0
Yaounde,Centre,2026-05-02,24.0,87.83,933.46,4.5
Yaounde,Centre,2026-05-03,24.95,83.62,933.75,0.2
Yaounde,Centre,2026-05-04,24.72,83.71,934.25,7.5
Yaounde,Centre,2026-05-05,24.1,80.92,933.55,7.4
Yaounde,Centre,2026-05-06,23.13,86.04,933.24,2.1
Yaounde,Centre,2026-05-07,22.72,84.0,933.12,0.0
Yaounde,Centre,2026-05-08,23.76,84.25,933.27,0.6
Yaounde,Centre,2026-05-09,24.02,84.33,933.95,5.0
Yaounde,Centre,2026-05-10,23.49,85.58,935.06,0.1
Yaounde,Centre,2026-05-11,23.88,84.58,934.9,3.3
Yaounde,Centre,2026-05-12,23.94,82.96,935.43,0.2
Yaounde,Centre,2026-05-13,24.93,79.33,934.3,0.2
Yaounde,Centre,2026-05-14,23.01,87.88,934.19,3.2
Yaounde,Centre,2026-05-15,21.54,91.0,934.75,3.9
Yaounde,Centre,2026-05-16,22.78,80.5,934.07,0.8
Yaounde,Centre,2026-05-17,23.58,84.12,934.8,0.9
Yaounde,Centre,2026-05-18,21.23,95.88,935.54,16.8
Yaounde,Centre,2026-05-19,22.68,85.5,935.85,1.3
Yaounde,Centre,2026-05-20,23.48,84.46,936.12,2.8
Yaounde,Centre,2026-05-21,22.8,89.54,935.6,5.5
Yaounde,Centre,2026-05-22,23.08,88.67,935.97,2.2
Yaounde,Centre,2026-05-23,24.44,83.71,935.6,1.5
Yaounde,Centre,2026-05-24,23.58,87.46,934.69,7.0
Yaounde,Centre,2026-05-25,23.59,87.88,934.9,3.4
Yaounde,Centre,2026-05-26,24.18,84.67,935.24,2.1
Yaounde,Centre,2026-05-27,23.25,89.12,935.3,13.3
Yaounde,Centre,2026-05-28,23.58,85.5,935.66,3.4
Yaounde,Centre,2026-05-29,23.92,83.38,935.62,1.9
Yaounde,Centre,2026-05-30,24.59,83.0,935.04,1.4
Yaounde,Centre,2026-05-31,24.18,87.67,934.67,1.8
Yaounde,Centre,2026-06-01,24.12,85.62,934.65,0.6
Yaounde,Centre,2026-06-02,24.05,88.46,935.77,5.7
Yaounde,Centre,2026-06-03,23.55,88.83,935.79,3.2
Yaounde,Centre,2026-06-04,23.0,89.33,935.92,10.4
Yaounde,Centre,2026-06-05,22.1,90.46,935.6,14.1
Yaounde,Centre,2026-06-06,23.12,87.33,935.85,1.7
Yaounde,Centre,2026-06-07,23.32,88.96,937.05,5.4
Yaounde,Centre,2026-06-08,23.14,89.08,936.74,4.8
Yaounde,Centre,2026-06-09,23.12,85.92,936.17,4.1
Yaounde,Centre,2026-06-10,23.14,88.46,935.15,4.0
Yaounde,Centre,2026-06-11,23.55,85.88,934.82,5.8
Yaounde,Centre,2026-06-12,23.29,86.88,936.18,13.0
Yaounde,Centre,2026-06-13,22.71,89.96,936.68,7.5
Yaounde,Centre,2026-06-14,22.57,87.67,936.96,1.9
Yaounde,Centre,2026-06-15,22.99,87.08,936.66,3.0
Yaounde,Centre,2026-06-16,21.73,90.62,937.38,14.1
Yaounde,Centre,2026-06-17,21.98,89.21,937.28,2.2
Yaounde,Centre,2026-06-18,23.44,84.79,935.92,0.9
Yaounde,Centre,2026-06-19,23.21,87.29,933.83,6.7
